StartDate,EndDate,Status,IPAddress,Progress,Duration (in seconds),Finished,RecordedDate,ResponseId,RecipientLastName,RecipientFirstName,RecipientEmail,ExternalReference,LocationLatitude,LocationLongitude,DistributionChannel,UserLanguage,Q1,Q2,Q3,Q5,Q4,Q6,Q7,Q9,Q_RecipientPhoneNumber,RespondentID,Agency,Partition,Sort,LSI,PhoneNumber,Code,PoliceReportedRace,PoliceReportedAge,PoliceReportedGender,Latitude,Longitude,Create New Field or Choose From Dropdown...,Category,Scale,Origin
Start Date,End Date,Response Type,IP Address,Progress,Duration (in seconds),Finished,Recorded Date,Response ID,Recipient Last Name,Recipient First Name,Recipient Email,External Data Reference,Location Latitude,Location Longitude,Distribution Channel,User Language,"Hi, this is rojopolis. We're to help make public safety improvement and guide you to other services you may need. Your feedback is ANONYMOUS, and it will go directly to your police chief. We will not disclose who you are. (Text ""STOP"" to stop receiving messages, standard messaging rates apply).","On a scale of 0-100, did the responding officers",What public safety issue needs to be addressed for you to feel safer in your neighborhood?,"Ok, can you please explain?","We're so sorry that you're having to go through all of this. We can put you directly in touch with services and people that can provide assistance if you need it. If you want us to do this, please select from the following list, and we'll have someone follow up with you within 48 hours:","Thanks for your feedback. You can view what others in your city and neighborhood are saying here: www.textrojopolis.com/community. If you have anything else to say, please text it now.","Ok, someone will be in touch. Thanks for your feedback. You can view what others in your city and neighborhood are saying here: www.textrojopolis.com/communiy. If you have anything else to say, please text it now.",Click to write the question text,Q_RecipientPhoneNumber,RespondentID,Agency,Partition,Sort,LSI,PhoneNumber,Code,PoliceReportedRace,PoliceReportedAge,PoliceReportedGender,Latitude,Longitude,Create New Field or Choose From Dropdown...,Category,Scale,Origin
"{""ImportId"":""startDate"",""timeZone"":""Z""}","{""ImportId"":""endDate"",""timeZone"":""Z""}","{""ImportId"":""status""}","{""ImportId"":""ipAddress""}","{""ImportId"":""progress""}","{""ImportId"":""duration""}","{""ImportId"":""finished""}","{""ImportId"":""recordedDate"",""timeZone"":""Z""}","{""ImportId"":""_recordId""}","{""ImportId"":""recipientLastName""}","{""ImportId"":""recipientFirstName""}","{""ImportId"":""recipientEmail""}","{""ImportId"":""externalDataReference""}","{""ImportId"":""locationLatitude""}","{""ImportId"":""locationLongitude""}","{""ImportId"":""distributionChannel""}","{""ImportId"":""userLanguage""}","{""ImportId"":""QID1_TEXT""}","{""ImportId"":""QID2_TEXT""}","{""ImportId"":""QID3""}","{""ImportId"":""QID5_TEXT""}","{""ImportId"":""QID4""}","{""ImportId"":""QID6_TEXT""}","{""ImportId"":""QID7_TEXT""}","{""ImportId"":""QID9""}","{""ImportId"":""Q_RecipientPhoneNumber""}","{""ImportId"":""RespondentID""}","{""ImportId"":""Agency""}","{""ImportId"":""Partition""}","{""ImportId"":""Sort""}","{""ImportId"":""LSI""}","{""ImportId"":""PhoneNumber""}","{""ImportId"":""Code""}","{""ImportId"":""PoliceReportedRace""}","{""ImportId"":""PoliceReportedAge""}","{""ImportId"":""PoliceReportedGender""}","{""ImportId"":""Latitude""}","{""ImportId"":""Longitude""}","{""ImportId"":""Create New Field or Choose From Dropdown...""}","{""ImportId"":""Category""}","{""ImportId"":""Scale""}","{""ImportId"":""Origin""}"
2018-11-15 21:39:46,2018-11-15 21:39:46,2,,100,0,1,2018-11-15 21:39:46,R_9vosXWIAao1sL1b,,,,,47.6605987548828125,-122.291900634765625,test,,Iaculis potenti? Vel vestibulum ultricies laoreet placerat vel wisi duis.,7,1,,4,,Ultricies maecenas velit dolor ullamcorper temporibus. Integer sagittis lectus facilisi a.,,,340714413,,,,,,,,,,,,,Encounter,1,1
2018-11-15 21:39:46,2018-11-15 21:39:46,2,,100,0,1,2018-11-15 21:39:46,R_bpfsF1Fhkwk7RCB,,,,,47.6605987548828125,-122.291900634765625,test,,"Euismod? Justo fringilla auctor egestas velit egestas ut dapibus, atque integer.",10,2,,2,,Neque consequat enim massa! Fusce nulla sagittis. Pharetra. Ante suspendisse.,,,655201607,,,,,,,,,,,,,Encounter,1,1
2018-11-15 21:39:46,2018-11-15 21:39:46,2,,100,0,1,2018-11-15 21:39:46,R_0wGEfwlIw8SWnfD,,,,,47.6605987548828125,-122.291900634765625,test,,"Nec integer atque lorem interdum! A. Integer suscipit lorem lectus consequat, sodales mi lorem.",10,1,,3,,Eros porta mauris primis. Tellus. Pretium. Orci vestibulum quis blandit viverra.,,,849070583,,,,,,,,,,,,,Encounter,1,1
2018-11-15 21:39:46,2018-11-15 21:39:46,2,,100,0,1,2018-11-15 21:39:46,R_e5xuzXEDA27ATpX,,,,,47.6605987548828125,-122.291900634765625,test,,"Turpis ultricies proin odio morbi velit orci in diam, ut culpa.",4,5,,1,,"Neque vulputate molestie donec quam, viverra blandit egestas tempus diam. Interdum per.",,,413977300,,,,,,,,,,,,,Encounter,1,1
2018-11-15 21:39:46,2018-11-15 21:39:46,2,,100,0,1,2018-11-15 21:39:46,R_6EyCOrJPPZzFgNf,,,,,47.6605987548828125,-122.291900634765625,test,,Vestibulum! Etiam nibh arcu aliquet? Praesent integer eleifend at? Eu accusamus.,8,4,"Curabitur vestibulum maecenas ut tellus phasellus natoque ipsum, ridiculus elit.",4,,Lorem cursus augue nullam elit morbi massa per! Bibendum rutrum duis per vulputate dui. Ante.,,,60938510,,,,,,,,,,,,,Encounter,1,1
2018-11-15 21:39:46,2018-11-15 21:39:46,2,,100,0,1,2018-11-15 21:39:46,R_eeNwoSrWKyvqixf,,,,,47.6605987548828125,-122.291900634765625,test,,Ac odio laoreet? Justo facilisis! Nunc rutrum morbi etiam dapibus mi venenatis! Laoreet primis odio.,5,5,,1,,"Maecenas rutrum et nonummy dapibus elementum eleifend rutrum ultrices aenean sodales, est metus sapien nibh.",,,94991820,,,,,,,,,,,,,Encounter,1,1
2018-11-15 21:39:46,2018-11-15 21:39:46,2,,100,0,1,2018-11-15 21:39:46,R_3rz4NyWcjc8t6rX,,,,,47.6605987548828125,-122.291900634765625,test,,"Pharetra aliquet primis accusamus risus, integer sollicitudin nulla nullam? Sagittis. Fermentum primis ante facilisis! Praesent.",3,2,,4,,Venenatis temporibus placerat. In wisi aenean cursus non montes urna turpis molestie purus.,,,953554244,,,,,,,,,,,,,Encounter,1,1
2018-11-15 21:39:46,2018-11-15 21:39:46,2,,100,0,1,2018-11-15 21:39:47,R_eDQEBd7UJY5fO9D,,,,,47.6605987548828125,-122.291900634765625,test,,Mauris accusamus cursus montes sit suscipit. Erat dui velit urna arcu. Ut atque.,3,3,,4,,Ultrices elementum temporibus platea orci elementum sagittis euismod velit imperdiet consectetuer imperdiet! Vel. Leo fringilla.,,,976514056,,,,,,,,,,,,,Encounter,1,1
2018-11-15 21:39:47,2018-11-15 21:39:47,2,,100,0,1,2018-11-15 21:39:47,R_0uimE6vCcFMUDFb,,,,,47.6605987548828125,-122.291900634765625,test,,Nibh suscipit nulla venenatis fringilla enim. Elementum potenti cursus venenatis et cras.,8,3,,5,,Faucibus magna ridiculus. Rutrum? Cursus accusamus suspendisse vehicula laoreet eget tempor gravida eget sed ullamcorper.,,,230347384,,,,,,,,,,,,,Encounter,1,1
2018-11-15 21:39:47,2018-11-15 21:39:47,2,,100,0,1,2018-11-15 21:39:47,R_bpjuYopYD7vjR2J,,,,,47.6605987548828125,-122.291900634765625,test,,"Maecenas, commodo sed quis mauris temporibus venenatis pharetra. Ullamcorper ridiculus sapien potenti aliquet ultrices.",9,5,,3,,Rutrum pharetra amet eros dapibus scelerisque donec ac imperdiet sapien cursus felis? Elit fringilla.,,,227517295,,,,,,,,,,,,,Encounter,1,1
2018-11-15 21:39:47,2018-11-15 21:39:47,2,,100,0,1,2018-11-15 21:39:47,R_3BFORvyDysbCiTr,,,,,47.6605987548828125,-122.291900634765625,test,,Vulputate. Orci etiam mattis culpa faucibus posuere rutrum leo porta natoque imperdiet vel.,9,2,,5,,Mi ultrices faucibus! Vivamus nibh facilisis tellus magna aenean! Morbi? Velit sed.,,,270067540,,,,,,,,,,,,,Encounter,1,1
2018-11-15 21:39:47,2018-11-15 21:39:47,2,,100,0,1,2018-11-15 21:39:47,R_4GBE5dCOcQwk6fr,,,,,47.6605987548828125,-122.291900634765625,test,,Potenti sagittis facilisis imperdiet cursus nunc natoque ab ridiculus ipsum. Fringilla viverra.,2,1,,4,,Consequat platea lectus? Id ultricies non lorem ullamcorper cursus eget dictumst neque.,,,15228536,,,,,,,,,,,,,Encounter,1,1
2018-11-15 21:39:47,2018-11-15 21:39:47,2,,100,0,1,2018-11-15 21:39:47,R_4VCB5SLc8bI2x3D,,,,,47.6605987548828125,-122.291900634765625,test,,"Pellentesque fringilla metus lorem in! Mauris wisi odio culpa, tortor, vestibulum mauris dolor massa scelerisque.",8,5,,4,,Sit consequat aliquet. Eros urna. Mattis proin? Quam commodo aliquet egestas.,,,628151625,,,,,,,,,,,,,Encounter,1,1
2018-11-15 21:39:47,2018-11-15 21:39:47,2,,100,0,1,2018-11-15 21:39:47,R_6FK5jImFRWH7J09,,,,,47.6605987548828125,-122.291900634765625,test,,Faucibus luctus erat et pede? Donec? Primis. Elit convallis aliquet wisi.,0,4,Nunc consequat imperdiet cras rutrum ante consequat. Nunc id consectetuer pretium.,6,Potenti malesuada dignissim tempus. Amet vulputate? Sapien sollicitudin commodo tempor sapien. Tortor. Eleifend.,,,,119183016,,,,,,,,,,,,,Encounter,1,1
2018-11-15 21:39:47,2018-11-15 21:39:47,2,,100,0,1,2018-11-15 21:39:47,R_3sk9tjUYIwhi98x,,,,,47.6605987548828125,-122.291900634765625,test,,Molestie et. Natoque accusamus augue ultrices viverra! Auctor aliquet pharetra nibh primis blandit aenean.,3,4,A placerat tempor odio pede dictumst leo consectetuer sagittis malesuada porta.,2,,Nulla viverra eleifend magnis orci magnis ultricies. Arcu molestie diam culpa aenean in.,,,553920885,,,,,,,,,,,,,Encounter,1,1
2018-11-15 21:39:48,2018-11-15 21:39:48,2,,100,0,1,2018-11-15 21:39:48,R_3f7H7yXtQ7w3fVz,,,,,47.6605987548828125,-122.291900634765625,test,,Lectus pede atque egestas primis pellentesque ante quam. Vehicula at non? Et? Lorem urna.,10,5,,3,,"Nullam porttitor etiam? Quis, per sit tempus? Quis? Tempor tempus tortor mauris.",,,266677916,,,,,,,,,,,,,Encounter,1,1
2018-11-15 21:39:48,2018-11-15 21:39:48,2,,100,0,1,2018-11-15 21:39:48,R_9XJ0qjepQcxKCah,,,,,47.6605987548828125,-122.291900634765625,test,,"Ridiculus elit urna elementum magnis imperdiet orci augue turpis, suscipit commodo.",3,1,,3,,"Felis volutpat dolor magnis mauris mauris? A magnis! Rhoncus luctus magnis, dolorem commodo.",,,907964059,,,,,,,,,,,,,Encounter,1,1
2018-11-15 21:39:48,2018-11-15 21:39:48,2,,100,0,1,2018-11-15 21:39:48,R_aUZ05wQfGeeZ5Pf,,,,,47.6605987548828125,-122.291900634765625,test,,Lectus sed mi consectetuer sollicitudin ab nonummy sapien sem turpis.,7,2,,4,,Tempora facilisi ipsum gravida non maecenas! Eleifend. In diam dapibus porta.,,,841911459,,,,,,,,,,,,,Encounter,1,1
2018-11-15 21:39:48,2018-11-15 21:39:48,2,,100,0,1,2018-11-15 21:39:48,R_80ustZ7tmzQWQbH,,,,,47.6605987548828125,-122.291900634765625,test,,"Temporibus vehicula nullam aliquam, felis. Curabitur, magnis ab tellus dolorem at velit elit nibh imperdiet.",3,4,"In velit, suspendisse et? Maecenas temporibus viverra! Purus malesuada? Felis donec volutpat aliquam.",6,"Eu eros. Scelerisque justo suspendisse id! Orci suscipit rhoncus, lorem porta scelerisque nunc, cursus mi.",,,,249925281,,,,,,,,,,,,,Encounter,1,1
2018-11-15 21:39:48,2018-11-15 21:39:48,2,,100,0,1,2018-11-15 21:39:48,R_emVrhQA8RjhJKa9,,,,,47.6605987548828125,-122.291900634765625,test,,Consequat nulla. Per et commodo tempus? Non pede purus lacus dapibus. Eros.,3,4,"Sem in magnis. Accumsan, urna fermentum! Tellus? Lectus ultricies id natoque.",2,,"Pellentesque culpa elementum, etiam? Nulla praesent erat aliquam nec eget porttitor donec vitae dui est.",,,62298341,,,,,,,,,,,,,Encounter,1,1
2018-11-15 21:39:48,2018-11-15 21:39:48,2,,100,0,1,2018-11-15 21:39:48,R_9mLLhKZrYWWWz8F,,,,,47.6605987548828125,-122.291900634765625,test,,Platea bibendum! Phasellus mauris volutpat. Justo eros quam potenti eget.,6,4,Malesuada aliquet convallis molestie velit blandit blandit facilisis dolor diam.,3,,"Gravida dignissim felis quam in sed non, cursus malesuada per nonummy risus.",,,307205138,,,,,,,,,,,,,Encounter,1,1
2018-11-15 21:39:48,2018-11-15 21:39:48,2,,100,0,1,2018-11-15 21:39:48,R_6X61YWIUi7RRQnb,,,,,47.6605987548828125,-122.291900634765625,test,,Rhoncus venenatis diam gravida. Justo eget iaculis ante viverra quis mauris velit per sapien.,1,2,,6,A. Interdum? Tincidunt! Leo sapien suscipit commodo dictumst lorem volutpat sed felis.,,,,247883528,,,,,,,,,,,,,Encounter,1,1
2018-11-15 21:39:48,2018-11-15 21:39:48,2,,100,0,1,2018-11-15 21:39:48,R_2fT4ZMHnNunEKwd,,,,,47.6605987548828125,-122.291900634765625,test,,Accumsan vehicula consectetuer ridiculus dui. Consectetuer iaculis? Tortor faucibus tincidunt vel posuere. Pharetra ultricies. Eget.,7,5,,5,,"Nulla platea, nulla sed, scelerisque pretium! Accusamus donec eget? Interdum nullam commodo cras porta.",,,983353330,,,,,,,,,,,,,Encounter,1,1
2018-11-15 21:39:48,2018-11-15 21:39:48,2,,100,0,1,2018-11-15 21:39:49,R_eni5QGTE19RrzLL,,,,,47.6605987548828125,-122.291900634765625,test,,"Sapien lectus rhoncus aliquet eu velit leo, velit, interdum ab ridiculus placerat gravida ultricies.",4,1,,1,,Nec auctor lacus nullam. Laoreet ultricies accusamus sapien sodales in.,,,587202580,,,,,,,,,,,,,Encounter,1,1
2018-11-15 21:39:49,2018-11-15 21:39:49,2,,100,0,1,2018-11-15 21:39:49,R_1X15XmHZJ2epvHT,,,,,47.6605987548828125,-122.291900634765625,test,,"Non augue nibh! Ac. Fermentum integer euismod facilisi? Scelerisque, potenti? Nec proin facilisi.",4,4,"Duis est dignissim tincidunt cursus! Felis quam dignissim. Posuere vel dolorem, convallis.",4,,"Fringilla culpa facilisis sed iaculis commodo sapien turpis non, temporibus molestie? Tortor vitae et porttitor.",,,952094618,,,,,,,,,,,,,Encounter,1,1
2018-11-15 21:39:49,2018-11-15 21:39:49,2,,100,0,1,2018-11-15 21:39:49,R_8vlwNBjtcjka0jb,,,,,47.6605987548828125,-122.291900634765625,test,,Egestas. Eget nunc vulputate nullam! Non. Morbi at gravida enim curabitur pede. Maecenas fusce. Morbi.,4,3,,4,,Imperdiet. Facilisis dapibus nibh aenean venenatis facilisis. Diam laoreet mi mattis morbi pretium! Sagittis.,,,893759253,,,,,,,,,,,,,Encounter,1,1
2018-11-15 21:39:49,2018-11-15 21:39:49,2,,100,0,1,2018-11-15 21:39:49,R_8C9eKS1UHSMRw3z,,,,,47.6605987548828125,-122.291900634765625,test,,"Interdum ullamcorper metus diam! Proin, consequat in sollicitudin tempor sapien? Bibendum phasellus ac! Posuere sodales.",3,5,,6,"Orci facilisi faucibus. Scelerisque lorem aenean elit aenean. Rutrum, sit commodo.",,,,190287383,,,,,,,,,,,,,Encounter,1,1
2018-11-15 21:39:49,2018-11-15 21:39:49,2,,100,0,1,2018-11-15 21:39:49,R_9tMDyf4HGLgjjsp,,,,,47.6605987548828125,-122.291900634765625,test,,Felis atque phasellus aliquet quis eget. Amet! Ligula sit proin quis.,8,4,"Rhoncus pharetra. Curabitur felis sit tempus commodo vehicula egestas, blandit auctor fringilla.",6,Ligula pellentesque porta. Natoque. Elit vivamus turpis eget? Potenti ridiculus metus id erat.,,,,152284133,,,,,,,,,,,,,Encounter,1,1
2018-11-15 21:39:49,2018-11-15 21:39:49,2,,100,0,1,2018-11-15 21:39:49,R_9BJ2cOkkoeV6Tlz,,,,,47.6605987548828125,-122.291900634765625,test,,"Porta! Sem in sed. Montes non, ligula. Venenatis cras cras.",6,2,,3,,"Blandit curabitur cras sodales, atque porttitor eu facilisi viverra elementum dolor sagittis. Rutrum. Phasellus. Sodales.",,,142157358,,,,,,,,,,,,,Encounter,1,1
2018-11-15 21:39:49,2018-11-15 21:39:49,2,,100,0,1,2018-11-15 21:39:49,R_b30tGIt27aCvzpP,,,,,47.6605987548828125,-122.291900634765625,test,,Faucibus? Porttitor metus mauris dignissim vivamus. Ac consequat cursus magnis nonummy.,7,4,"Elementum! Pretium viverra nibh interdum, sodales dignissim faucibus? Enim erat duis nulla.",6,Potenti? Phasellus et faucibus? Accumsan mi interdum consectetuer pellentesque. Malesuada.,,,,535738544,,,,,,,,,,,,,Encounter,1,1
2018-11-15 21:39:49,2018-11-15 21:39:49,2,,100,0,1,2018-11-15 21:39:49,R_39o74oBEMzmRK2F,,,,,47.6605987548828125,-122.291900634765625,test,,Vehicula? Metus. Convallis pharetra diam platea dapibus elementum arcu odio.,4,2,,3,,Phasellus ipsum primis? Phasellus urna interdum ipsum! Montes pharetra iaculis rutrum vivamus. Accumsan.,,,85732259,,,,,,,,,,,,,Encounter,1,1
2018-11-15 21:39:49,2018-11-15 21:39:49,2,,100,0,1,2018-11-15 21:39:49,R_bwOFjCboTt0WEjH,,,,,47.6605987548828125,-122.291900634765625,test,,Suscipit ultricies euismod! Dui quam volutpat iaculis risus accusamus faucibus cras imperdiet rutrum tincidunt curabitur.,8,4,Accumsan cras primis. Consequat. Ridiculus turpis natoque leo consectetuer a.,2,,Aliquam nulla erat tincidunt enim culpa ultrices diam dictumst. Curabitur a.,,,525990495,,,,,,,,,,,,,Encounter,1,1
2018-11-15 21:39:49,2018-11-15 21:39:49,2,,100,0,1,2018-11-15 21:39:49,R_00pbJJkTM5cKJwh,,,,,47.6605987548828125,-122.291900634765625,test,,Nibh potenti aliquam euismod. Enim aliquet sollicitudin nulla ante eu.,7,5,,3,,Sodales potenti erat pede eu metus cras temporibus vitae aliquet? Ac potenti.,,,129043473,,,,,,,,,,,,,Encounter,1,1
2018-11-15 21:39:50,2018-11-15 21:39:50,2,,100,0,1,2018-11-15 21:39:50,R_6QIHKrcr8fUdBid,,,,,47.6605987548828125,-122.291900634765625,test,,Dignissim platea posuere lorem magnis fringilla platea iaculis fringilla ante dictumst a lacus dolor lorem.,2,3,,6,Phasellus? Sit. Et curabitur tellus per dui phasellus morbi eget facilisis.,,,,47108258,,,,,,,,,,,,,Encounter,1,1
2018-11-15 21:39:50,2018-11-15 21:39:50,2,,100,0,1,2018-11-15 21:39:50,R_6xlfHU7S2D0jj5H,,,,,47.6605987548828125,-122.291900634765625,test,,Facilisis. Facilisi ipsum dolorem sapien neque felis platea fringilla. Egestas curabitur.,2,2,,5,,Ac felis potenti lacus temporibus vestibulum vel nec potenti nibh tellus praesent.,,,367450706,,,,,,,,,,,,,Encounter,1,1
2018-11-15 21:39:50,2018-11-15 21:39:50,2,,100,0,1,2018-11-15 21:39:50,R_cxc5Vez2broSotv,,,,,47.6605987548828125,-122.291900634765625,test,,Purus potenti. Potenti montes turpis mi elementum viverra urna leo porta natoque fusce duis accumsan.,7,1,,1,,"Ullamcorper nibh, accusamus! Ipsum dolorem suspendisse vehicula? Vulputate sed placerat tempus lectus vulputate. Blandit.",,,20012461,,,,,,,,,,,,,Encounter,1,1
2018-11-15 21:39:50,2018-11-15 21:39:50,2,,100,0,1,2018-11-15 21:39:50,R_9ZvOw5qtNhtTaMR,,,,,47.6605987548828125,-122.291900634765625,test,,"Bibendum magnis vestibulum platea, ipsum dictumst amet egestas. Posuere maecenas atque dapibus? Malesuada! Dignissim dictumst.",2,1,,2,,Vulputate porttitor tempus volutpat sapien sem. Rutrum velit sapien volutpat natoque auctor est.,,,388450130,,,,,,,,,,,,,Encounter,1,1
2018-11-15 21:39:50,2018-11-15 21:39:50,2,,100,0,1,2018-11-15 21:39:50,R_bg9nI0hohTQE21f,,,,,47.6605987548828125,-122.291900634765625,test,,"Sed lectus vel dolor integer fringilla volutpat nullam rutrum metus fusce, vel nunc.",9,5,,6,"Faucibus? Nunc dolorem facilisi iaculis tellus, placerat pede, eros eu, massa? Diam.",,,,994984071,,,,,,,,,,,,,Encounter,1,1
2018-11-15 21:39:50,2018-11-15 21:39:50,2,,100,0,1,2018-11-15 21:39:50,R_cSJjqLXk9XjmMDz,,,,,47.6605987548828125,-122.291900634765625,test,,"Enim. Integer sagittis mi tempora montes et, sem! Arcu. Natoque eleifend.",8,3,,6,Primis risus sem vulputate iaculis neque commodo placerat tempus at mattis cras.,,,,618409926,,,,,,,,,,,,,Encounter,1,1
2018-11-15 21:39:50,2018-11-15 21:39:50,2,,100,0,1,2018-11-15 21:39:50,R_7O0BAhv51tkAkcZ,,,,,47.6605987548828125,-122.291900634765625,test,,Proin temporibus. Dictumst erat ullamcorper! Sed vel aliquet nibh! Eu aenean.,1,4,Blandit risus lacus consequat sagittis! Wisi dolor lacus phasellus donec.,4,,"Bibendum fringilla tempora elit eleifend cras blandit felis consequat auctor, culpa in.",,,159263034,,,,,,,,,,,,,Encounter,1,1
2018-11-15 21:39:50,2018-11-15 21:39:50,2,,100,0,1,2018-11-15 21:39:51,R_0JoXZGoongJDlRP,,,,,47.6605987548828125,-122.291900634765625,test,,Cursus pretium lectus faucibus posuere venenatis iaculis eu imperdiet rhoncus ultricies porta odio.,10,4,"Mauris. Tempora pretium sollicitudin, sed tortor bibendum, est nibh temporibus. Dictumst vehicula amet.",3,,"Proin aliquet. Nulla! Pede orci, dolor sagittis. Etiam et. Integer. Ab.",,,4775038,,,,,,,,,,,,,Encounter,1,1
2018-11-15 21:39:51,2018-11-15 21:39:51,2,,100,0,1,2018-11-15 21:39:51,R_e4FBRycAxsG8vNX,,,,,47.6605987548828125,-122.291900634765625,test,,"Purus eu, proin mauris magnis praesent. Accusamus ipsum eget aenean.",2,2,,1,,"Suspendisse. Vel. Pede dictumst, arcu mi ullamcorper in. Vel amet, magnis sodales blandit pede.",,,598930349,,,,,,,,,,,,,Encounter,1,1
2018-11-15 21:39:51,2018-11-15 21:39:51,2,,100,0,1,2018-11-15 21:39:51,R_b3FspdPD3niApwN,,,,,47.6605987548828125,-122.291900634765625,test,,Tempora magnis purus lectus? Accumsan augue ullamcorper morbi mi morbi sed pellentesque platea.,8,2,,3,,Vehicula tempor convallis neque ultrices justo nulla per lorem vel.,,,212726813,,,,,,,,,,,,,Encounter,1,1
2018-11-15 21:39:51,2018-11-15 21:39:51,2,,100,0,1,2018-11-15 21:39:51,R_0cAVyh2sq7yYSNv,,,,,47.6605987548828125,-122.291900634765625,test,,Eget curabitur facilisis aliquam a? Rutrum atque duis nunc gravida integer dolor pede! Gravida.,1,3,,3,,Nunc interdum ultricies. Leo pharetra lacus accumsan vulputate! Pharetra id lectus.,,,206964375,,,,,,,,,,,,,Encounter,1,1
2018-11-15 21:39:51,2018-11-15 21:39:51,2,,100,0,1,2018-11-15 21:39:51,R_3fQ47YCvKFYo9vL,,,,,47.6605987548828125,-122.291900634765625,test,,Culpa blandit egestas sollicitudin pede mattis egestas augue. Montes. Malesuada. Sodales montes bibendum mattis ante.,8,5,,1,,"Imperdiet dolorem eros. Magna justo faucibus tempora placerat est, arcu mattis accusamus. Curabitur montes.",,,367753185,,,,,,,,,,,,,Encounter,1,1
2018-11-15 21:39:51,2018-11-15 21:39:51,2,,100,0,1,2018-11-15 21:39:51,R_dgQHEMjcxe5XDFP,,,,,47.6605987548828125,-122.291900634765625,test,,Ultricies. Potenti purus tempus enim ab ut suscipit eu tempor lectus. Aliquet? Per.,1,3,,1,,Per. Egestas? Facilisis vitae felis suspendisse ultrices gravida sit tempora suscipit leo maecenas nibh.,,,779602520,,,,,,,,,,,,,Encounter,1,1
2018-11-15 21:39:51,2018-11-15 21:39:51,2,,100,0,1,2018-11-15 21:39:51,R_eW00fYiEbXmpZnT,,,,,47.6605987548828125,-122.291900634765625,test,,"Tincidunt vestibulum. Ligula ridiculus tempora! Auctor arcu morbi, sollicitudin mauris.",7,1,,3,,Vulputate? Erat tempor ligula. Dui fusce tortor sapien. Consectetuer? Tempor tempora accusamus lectus ante mauris.,,,578783125,,,,,,,,,,,,,Encounter,1,1
2018-11-15 21:39:51,2018-11-15 21:39:51,2,,100,0,1,2018-11-15 21:39:51,R_1zvEv3jMFIrBRn7,,,,,47.6605987548828125,-122.291900634765625,test,,"Nulla sagittis, praesent sollicitudin duis. Imperdiet placerat dictumst! Vulputate turpis.",10,4,Leo auctor felis sed risus. Vehicula culpa nunc magna. Metus ullamcorper.,6,"Arcu consequat. Risus, rutrum nullam dictumst turpis pede? Eget fusce, leo! Wisi bibendum.",,,,919489348,,,,,,,,,,,,,Encounter,1,1
2018-11-15 21:39:51,2018-11-15 21:39:51,2,,100,0,1,2018-11-15 21:39:51,R_aVFlLsEhnIBMXhr,,,,,47.6605987548828125,-122.291900634765625,test,,"Suspendisse. At montes! Urna turpis vulputate, auctor ridiculus enim primis eleifend. Consectetuer tortor, nec euismod.",6,2,,3,,Tempora vivamus! Elementum. At vitae scelerisque felis elementum vivamus egestas.,,,446306870,,,,,,,,,,,,,Encounter,1,1
2018-11-15 21:39:51,2018-11-15 21:39:51,2,,100,0,1,2018-11-15 21:39:52,R_6qZq1b6VXD9GR13,,,,,47.6605987548828125,-122.291900634765625,test,,"Dapibus aliquet scelerisque pharetra id sed posuere nulla accumsan per. Suscipit et in mauris, facilisis.",8,1,,4,,Pharetra diam. Tellus accusamus! Risus pretium. Odio facilisis ante. Ligula aliquam.,,,230632438,,,,,,,,,,,,,Encounter,1,1
2018-11-15 21:39:52,2018-11-15 21:39:52,2,,100,0,1,2018-11-15 21:39:52,R_8BORzMBlFJYPzZr,,,,,47.6605987548828125,-122.291900634765625,test,,Et posuere culpa dolorem. Tincidunt culpa. Massa pretium neque tellus odio potenti luctus.,3,4,"Nec integer? Natoque at quis! Eleifend tempora! Per, in tempus! Viverra mi consequat.",6,"Volutpat, dui, quam proin ac ac dui odio nunc euismod sed.",,,,458018844,,,,,,,,,,,,,Encounter,1,1
2018-11-15 21:39:52,2018-11-15 21:39:52,2,,100,0,1,2018-11-15 21:39:52,R_4VDGxBJqRY73wS9,,,,,47.6605987548828125,-122.291900634765625,test,,Id vel montes tellus. Purus? Convallis? Magnis sit dapibus laoreet temporibus.,8,3,,2,,"Odio erat. Imperdiet. Primis neque? Malesuada, wisi bibendum ac placerat porta. Donec.",,,455739155,,,,,,,,,,,,,Encounter,1,1
2018-11-15 21:39:52,2018-11-15 21:39:52,2,,100,0,1,2018-11-15 21:39:52,R_e2nrR83KCD81f5H,,,,,47.6605987548828125,-122.291900634765625,test,,Praesent culpa? Atque elit eu pede elit accumsan eu? Orci dui.,10,4,Augue culpa. Eu arcu! Magnis? Lorem integer sed suspendisse dictumst et.,4,,"Nunc? Augue donec faucibus euismod, quis laoreet cursus dolorem? Ultrices sed.",,,439059805,,,,,,,,,,,,,Encounter,1,1
2018-11-15 21:39:52,2018-11-15 21:39:52,2,,100,0,1,2018-11-15 21:39:52,R_cNk7y4j4YZlyIux,,,,,47.6605987548828125,-122.291900634765625,test,,Metus est ultricies primis pede convallis. Primis. Vulputate. Vivamus tempora quam.,0,4,"Aliquam volutpat erat? Est luctus cursus luctus proin, elit accumsan commodo praesent eu.",6,Sapien sem vestibulum. Magnis ab proin tempora. Massa posuere fringilla massa ultrices. Laoreet.,,,,411391648,,,,,,,,,,,,,Encounter,1,1
2018-11-15 21:39:52,2018-11-15 21:39:52,2,,100,0,1,2018-11-15 21:39:52,R_efEBywhppQKWuAR,,,,,47.6605987548828125,-122.291900634765625,test,,Turpis posuere suscipit facilisis porttitor venenatis fusce atque wisi suscipit? Culpa.,4,1,,5,,"Facilisis accusamus gravida. Molestie sed proin odio dolor ab justo, euismod.",,,713037975,,,,,,,,,,,,,Encounter,1,1
2018-11-15 21:39:52,2018-11-15 21:39:52,2,,100,0,1,2018-11-15 21:39:52,R_6mOa9pyy6cmNMxv,,,,,47.6605987548828125,-122.291900634765625,test,,Ridiculus suspendisse elit odio sapien tempor cursus. Mauris dolor phasellus quis.,7,4,Tempus? Metus a temporibus convallis vehicula! Egestas sodales aliquet accusamus.,2,,"Tempus, suspendisse sed integer. Pharetra at leo? Luctus? Sit venenatis dolor phasellus tincidunt.",,,83879850,,,,,,,,,,,,,Encounter,1,1
2018-11-15 21:39:52,2018-11-15 21:39:52,2,,100,0,1,2018-11-15 21:39:52,R_8tVrxmajOhzjA2N,,,,,47.6605987548828125,-122.291900634765625,test,,Sapien vestibulum molestie integer tempora neque. Fermentum pellentesque justo nonummy.,5,1,,5,,Suspendisse tempora tempor. Faucibus culpa nonummy ipsum diam ultricies montes fusce quam. Odio amet.,,,249255135,,,,,,,,,,,,,Encounter,1,1
2018-11-15 21:39:52,2018-11-15 21:39:52,2,,100,0,1,2018-11-15 21:39:53,R_265ahxjMybNDHFz,,,,,47.6605987548828125,-122.291900634765625,test,,Pede eros rhoncus et facilisis lacus suspendisse quis accusamus! Porta ultrices natoque.,5,3,,2,,"Velit? Dapibus nibh at lacus dictumst platea natoque ligula quis, augue turpis quam.",,,562196121,,,,,,,,,,,,,Encounter,1,1
2018-11-15 21:39:53,2018-11-15 21:39:53,2,,100,0,1,2018-11-15 21:39:53,R_6EvYJ8EeZJb2eKp,,,,,47.6605987548828125,-122.291900634765625,test,,"Tempor, lacus vitae euismod dolorem fermentum tincidunt tellus dignissim wisi.",3,1,,5,,Laoreet euismod suspendisse auctor facilisis a etiam! Vestibulum vulputate iaculis laoreet.,,,179507281,,,,,,,,,,,,,Encounter,1,1
2018-11-15 21:39:53,2018-11-15 21:39:53,2,,100,0,1,2018-11-15 21:39:53,R_d5N1KKYIEdFRWDj,,,,,47.6605987548828125,-122.291900634765625,test,,Malesuada montes wisi imperdiet accusamus mi ullamcorper vehicula. Morbi curabitur.,5,5,,1,,"Vulputate egestas ante. Turpis gravida elit! Maecenas lorem dolorem! Metus urna metus, suspendisse! Vitae.",,,120564999,,,,,,,,,,,,,Encounter,1,1
2018-11-15 21:39:53,2018-11-15 21:39:53,2,,100,0,1,2018-11-15 21:39:53,R_8rcbluHdBJ6b06p,,,,,47.6605987548828125,-122.291900634765625,test,,Turpis dictumst. Vel tempus in dapibus nulla tincidunt iaculis nibh nonummy. Quam! Nunc culpa tempora.,6,3,,3,,"Eget phasellus vulputate per cras fringilla eros, orci suspendisse dui montes eleifend.",,,663661253,,,,,,,,,,,,,Encounter,1,1
2018-11-15 21:39:53,2018-11-15 21:39:53,2,,100,0,1,2018-11-15 21:39:53,R_0j6KqgWlWwL78k5,,,,,47.6605987548828125,-122.291900634765625,test,,Lacus. Mattis lorem sem faucibus commodo? Proin convallis rutrum dui! Cras.,6,3,,3,,"Ridiculus, tortor atque suscipit. Massa tempor montes, fusce sollicitudin arcu consequat. Ipsum porta.",,,734804136,,,,,,,,,,,,,Encounter,1,1
2018-11-15 21:39:53,2018-11-15 21:39:53,2,,100,0,1,2018-11-15 21:39:53,R_a461stlcmYJe39r,,,,,47.6605987548828125,-122.291900634765625,test,,Dolor tellus dictumst enim consequat dignissim! Commodo metus volutpat magnis orci luctus fermentum cras.,6,3,,5,,Molestie rhoncus curabitur suscipit blandit bibendum quis. Cras odio. Ut lorem.,,,883909760,,,,,,,,,,,,,Encounter,1,1
2018-11-15 21:39:53,2018-11-15 21:39:53,2,,100,0,1,2018-11-15 21:39:53,R_4IWhbAWa9C60ti5,,,,,47.6605987548828125,-122.291900634765625,test,,Pharetra accumsan luctus? Justo natoque rhoncus risus molestie erat euismod dignissim facilisi.,9,3,,4,,Consequat duis et interdum sollicitudin accumsan neque sagittis leo fusce commodo lorem fusce accumsan ultrices.,,,46678572,,,,,,,,,,,,,Encounter,1,1
2018-11-15 21:39:53,2018-11-15 21:39:53,2,,100,0,1,2018-11-15 21:39:53,R_5jVQt9CmcTnlpGZ,,,,,47.6605987548828125,-122.291900634765625,test,,Eleifend ullamcorper. Nec consequat laoreet etiam! Euismod bibendum nec sollicitudin vehicula imperdiet.,3,3,,1,,"Neque dignissim fermentum est aenean. Eget, ac mattis faucibus, malesuada.",,,471481366,,,,,,,,,,,,,Encounter,1,1
2018-11-15 21:39:53,2018-11-15 21:39:54,2,,100,1,1,2018-11-15 21:39:54,R_cAPhAMYAtqOQFLL,,,,,47.6605987548828125,-122.291900634765625,test,,Amet ultrices! Curabitur duis risus curabitur tempora! Vel? Porta montes curabitur porttitor in laoreet.,5,4,"Morbi tincidunt dolorem, vestibulum eu vivamus ante, sed magna maecenas. Blandit primis morbi nullam etiam.",1,,Neque gravida est velit augue metus duis amet tellus. Gravida.,,,292811440,,,,,,,,,,,,,Encounter,1,1
2018-11-15 21:39:54,2018-11-15 21:39:54,2,,100,0,1,2018-11-15 21:39:54,R_cTqLJsP7E84TuOp,,,,,47.6605987548828125,-122.291900634765625,test,,"Volutpat tempora vulputate tincidunt praesent, porta bibendum quis ultricies ante.",8,4,Lorem. Magnis? Arcu viverra viverra ultricies consectetuer integer massa pellentesque faucibus.,1,,Maecenas laoreet venenatis? Massa faucibus pharetra enim gravida. Magna facilisi eu. Wisi! Dapibus wisi tortor.,,,366601101,,,,,,,,,,,,,Encounter,1,1
2018-11-15 21:39:54,2018-11-15 21:39:54,2,,100,0,1,2018-11-15 21:39:54,R_cPlVXbCjxE3YAFD,,,,,47.6605987548828125,-122.291900634765625,test,,"Purus mi phasellus ullamcorper. Sollicitudin auctor etiam, blandit tempus! Aliquet id.",4,4,"Sed cursus, malesuada? Pharetra dolor vivamus lorem per. Ab lorem diam nonummy lorem.",6,Tempor natoque in! Rutrum. Ut arcu! Dapibus tempus enim. Viverra.,,,,486465942,,,,,,,,,,,,,Encounter,1,1
2018-11-15 21:39:54,2018-11-15 21:39:54,2,,100,0,1,2018-11-15 21:39:54,R_0keC1TyqCRqQHK5,,,,,47.6605987548828125,-122.291900634765625,test,,"Imperdiet. Morbi id odio atque. Montes! Atque pellentesque? Scelerisque, mattis consequat amet metus vestibulum! Morbi.",4,4,Morbi curabitur pretium nibh sed sem augue. Vulputate magnis? Convallis! Vivamus.,4,,Et sem. At duis faucibus. Quis. Viverra eros accusamus pede interdum mi! Quam.,,,860140055,,,,,,,,,,,,,Encounter,1,1
2018-11-15 21:39:54,2018-11-15 21:39:54,2,,100,0,1,2018-11-15 21:39:54,R_a5cKoARuIZTXWwl,,,,,47.6605987548828125,-122.291900634765625,test,,"Diam tortor sodales, consequat morbi turpis justo vehicula nullam ipsum facilisi urna.",5,3,,5,,Accumsan eu malesuada fusce at tempus eget molestie tincidunt suscipit. Vulputate.,,,713683390,,,,,,,,,,,,,Encounter,1,1
2018-11-15 21:39:54,2018-11-15 21:39:54,2,,100,0,1,2018-11-15 21:39:54,R_0rlcuf59RZ3UVhz,,,,,47.6605987548828125,-122.291900634765625,test,,"Pharetra, ridiculus? Duis faucibus praesent vivamus? Ligula volutpat fusce arcu.",10,1,,1,,"Neque! Placerat ullamcorper atque erat, ab purus ipsum? Per laoreet.",,,985178732,,,,,,,,,,,,,Encounter,1,1
2018-11-15 21:39:54,2018-11-15 21:39:54,2,,100,0,1,2018-11-15 21:39:54,R_1zBNYSa7FEoENZH,,,,,47.6605987548828125,-122.291900634765625,test,,Dolor sed sodales porttitor vel molestie? Lacus leo primis fringilla est venenatis eu elit mauris.,0,4,Suspendisse maecenas facilisi arcu pede? Eleifend magna platea imperdiet dapibus gravida.,1,,Duis a facilisi ut massa pede. Quam convallis quis nibh.,,,260164434,,,,,,,,,,,,,Encounter,1,1
2018-11-15 21:39:54,2018-11-15 21:39:54,2,,100,0,1,2018-11-15 21:39:54,R_cZNe3Uzm4lcGU8l,,,,,47.6605987548828125,-122.291900634765625,test,,A fringilla porta suspendisse. Justo nec ac nonummy fermentum consequat faucibus donec.,8,2,,4,,"Dictumst aenean leo. Placerat per, convallis id! Gravida. Interdum gravida! Aenean. Viverra ullamcorper.",,,49956054,,,,,,,,,,,,,Encounter,1,1
2018-11-15 21:39:54,2018-11-15 21:39:54,2,,100,0,1,2018-11-15 21:39:54,R_cVm3XmOtM738HqJ,,,,,47.6605987548828125,-122.291900634765625,test,,"Fusce vitae? Dolor in dignissim wisi accusamus arcu mattis, nec? Viverra tortor! Commodo consequat primis.",1,2,,2,,"Egestas gravida est ab metus metus, at nullam vehicula? Etiam erat interdum odio integer vehicula.",,,739018057,,,,,,,,,,,,,Encounter,1,1
2018-11-15 21:39:55,2018-11-15 21:39:55,2,,100,0,1,2018-11-15 21:39:55,R_d1oL79FeBmFPJqZ,,,,,47.6605987548828125,-122.291900634765625,test,,Dolorem egestas lacus? Malesuada dictumst dictumst facilisi tempora scelerisque! Platea interdum.,0,3,,6,Potenti non suscipit sapien pretium morbi! Fringilla fringilla accusamus! Atque! Imperdiet.,,,,232342597,,,,,,,,,,,,,Encounter,1,1
2018-11-15 21:39:55,2018-11-15 21:39:55,2,,100,0,1,2018-11-15 21:39:55,R_dgO2rZFKiOwHTAV,,,,,47.6605987548828125,-122.291900634765625,test,,Egestas ullamcorper maecenas egestas. Pede nec malesuada ligula. Aliquet sed.,10,4,Eget mauris consectetuer. Ante cras temporibus in ut atque dolor bibendum nunc purus ridiculus wisi.,3,,Dictumst? Nulla facilisis consectetuer? Volutpat mi quis? Malesuada ac suscipit.,,,931823964,,,,,,,,,,,,,Encounter,1,1
2018-11-15 21:39:55,2018-11-15 21:39:55,2,,100,0,1,2018-11-15 21:39:55,R_0HEJkFopBGhOL89,,,,,47.6605987548828125,-122.291900634765625,test,,Ultrices sit viverra et enim et integer. Orci volutpat temporibus ultricies quis.,8,3,,1,,Tempus? Donec arcu eget fusce. Curabitur dapibus lacus curabitur interdum.,,,802491445,,,,,,,,,,,,,Encounter,1,1
2018-11-15 21:39:55,2018-11-15 21:39:55,2,,100,0,1,2018-11-15 21:39:55,R_erp4C0x1ODVCH2d,,,,,47.6605987548828125,-122.291900634765625,test,,Sapien magna ullamcorper et? Ullamcorper mauris dictumst porta velit dolor.,8,5,,3,,"Sapien tincidunt, rhoncus at, mi mattis commodo curabitur! Praesent placerat.",,,274265795,,,,,,,,,,,,,Encounter,1,1
2018-11-15 21:39:55,2018-11-15 21:39:55,2,,100,0,1,2018-11-15 21:39:55,R_1XoTbEuo6eJo7nT,,,,,47.6605987548828125,-122.291900634765625,test,,"Mauris, tempor metus porttitor tincidunt dictumst? Risus donec atque sed culpa! Lacus? Magnis, cursus.",4,2,,1,,Mauris justo non lorem tempus accusamus urna ligula facilisi dapibus. Atque et felis pharetra.,,,7252971,,,,,,,,,,,,,Encounter,1,1
2018-11-15 21:39:55,2018-11-15 21:39:55,2,,100,0,1,2018-11-15 21:39:55,R_6fDFedI4QLdrqOp,,,,,47.6605987548828125,-122.291900634765625,test,,"Suscipit facilisi ab turpis augue faucibus mauris enim nulla pharetra laoreet, magna dui cursus ullamcorper.",4,4,Fermentum sagittis ante gravida nonummy iaculis aenean amet? Fringilla? Nulla.,4,,"Lacus commodo fringilla velit? Elementum facilisi vehicula tellus pretium, cursus. Laoreet! Commodo placerat donec.",,,148575762,,,,,,,,,,,,,Encounter,1,1
2018-11-15 21:39:55,2018-11-15 21:39:55,2,,100,0,1,2018-11-15 21:39:55,R_8nOC27P4PY8ChVj,,,,,47.6605987548828125,-122.291900634765625,test,,"Dolor potenti praesent nonummy, velit viverra vehicula accusamus interdum a dictumst dui non magna.",5,5,,2,,Primis ultrices massa ipsum suscipit duis sapien ut viverra vestibulum.,,,99931127,,,,,,,,,,,,,Encounter,1,1
2018-11-15 21:39:55,2018-11-15 21:39:55,2,,100,0,1,2018-11-15 21:39:56,R_ei0TKzQP4teLcy1,,,,,47.6605987548828125,-122.291900634765625,test,,"Lectus atque quis tempus. Vel, mattis a elementum nec mattis. Metus tempora venenatis.",8,2,,6,Consectetuer accumsan. Mauris! Atque. Scelerisque. Mattis malesuada viverra. Diam. Diam pretium.,,,,239480628,,,,,,,,,,,,,Encounter,1,1
2018-11-15 21:39:56,2018-11-15 21:39:56,2,,100,0,1,2018-11-15 21:39:56,R_6KJ0lBdP0f1EsfP,,,,,47.6605987548828125,-122.291900634765625,test,,Sodales urna orci primis dignissim erat. Consectetuer. Mi phasellus tortor.,1,5,,3,,Primis nonummy sodales a consequat. Pharetra laoreet venenatis. Suspendisse nulla elit suscipit proin.,,,987133940,,,,,,,,,,,,,Encounter,1,1
2018-11-15 21:39:56,2018-11-15 21:39:56,2,,100,0,1,2018-11-15 21:39:56,R_77BOrJX2sirwatn,,,,,47.6605987548828125,-122.291900634765625,test,,"Viverra non accumsan, sit lectus vestibulum ridiculus eros! Risus. Nibh purus! Magna volutpat porttitor arcu.",1,4,"Lorem felis sed imperdiet scelerisque fringilla, at magna praesent! Pellentesque placerat facilisis volutpat culpa convallis.",3,,"Iaculis nullam? Fringilla nibh sem faucibus sed, non magnis! Tempor! Et.",,,510032126,,,,,,,,,,,,,Encounter,1,1
2018-11-15 21:39:56,2018-11-15 21:39:56,2,,100,0,1,2018-11-15 21:39:56,R_cx29seoVvCRhHA9,,,,,47.6605987548828125,-122.291900634765625,test,,Dolor egestas interdum leo mi tempora? Natoque ridiculus iaculis eu.,6,1,,1,,Nulla sem pharetra laoreet commodo nonummy ridiculus mattis aenean metus elementum viverra cras culpa.,,,263693775,,,,,,,,,,,,,Encounter,1,1
2018-11-15 21:39:56,2018-11-15 21:39:56,2,,100,0,1,2018-11-15 21:39:56,R_9SJSxTaIgJfRwLH,,,,,47.6605987548828125,-122.291900634765625,test,,Quis. Risus interdum nibh arcu nibh orci platea. Culpa. Consequat suscipit eleifend pede.,1,5,,4,,"Sed commodo gravida elit tempus, aliquet natoque suspendisse non auctor.",,,175000735,,,,,,,,,,,,,Encounter,1,1
2018-11-15 21:39:56,2018-11-15 21:39:56,2,,100,0,1,2018-11-15 21:39:56,R_1A1piIRDKLLvvJX,,,,,47.6605987548828125,-122.291900634765625,test,,Pellentesque commodo viverra! Et viverra! Rutrum neque ultrices est accumsan vitae mauris.,2,1,,4,,Porttitor venenatis sollicitudin ac! Phasellus culpa. Pede massa ridiculus integer! Nullam. Nunc ullamcorper elementum donec.,,,962341685,,,,,,,,,,,,,Encounter,1,1
2018-11-15 21:39:56,2018-11-15 21:39:56,2,,100,0,1,2018-11-15 21:39:56,R_6xnWcMIMqD17N1X,,,,,47.6605987548828125,-122.291900634765625,test,,Velit. Posuere? Mattis elit ipsum! Blandit atque facilisi. Tempora donec.,1,4,Scelerisque mattis. Odio lorem. Velit nullam gravida pellentesque viverra velit quam nunc? Sem dolorem.,5,,Pede sapien arcu id ultricies sapien. Suscipit phasellus id aenean bibendum ullamcorper turpis est.,,,230989136,,,,,,,,,,,,,Encounter,1,1
2018-11-15 21:39:56,2018-11-15 21:39:56,2,,100,0,1,2018-11-15 21:39:56,R_7QmGbXGN6BVde85,,,,,47.6605987548828125,-122.291900634765625,test,,Fermentum turpis mi tellus dignissim montes dolorem justo laoreet wisi id.,10,4,"Consequat, quam convallis wisi, lacus erat rutrum urna pede. Mauris lorem mauris mattis.",3,,Dui ultrices? Eros primis ultrices? Et. Lorem! Dignissim gravida magna vivamus imperdiet.,,,523168013,,,,,,,,,,,,,Encounter,1,1
2018-11-15 21:39:56,2018-11-15 21:39:56,2,,100,0,1,2018-11-15 21:39:56,R_9YTLLwDwlTySwqp,,,,,47.6605987548828125,-122.291900634765625,test,,Accusamus mattis a quam amet neque! Tincidunt? Culpa sagittis odio. Turpis tellus ullamcorper.,6,4,"Auctor potenti nunc ut, vehicula, pretium etiam nibh scelerisque velit scelerisque sed! Nibh.",3,,Donec. Wisi porttitor lectus. Quis integer. Ac interdum aliquet molestie. Erat purus pharetra.,,,373721306,,,,,,,,,,,,,Encounter,1,1
2018-11-15 21:39:56,2018-11-15 21:39:56,2,,100,0,1,2018-11-15 21:39:57,R_7TEiDjeZtlWzGXr,,,,,47.6605987548828125,-122.291900634765625,test,,Lectus. Bibendum quam vestibulum. Pretium mauris viverra quam platea morbi etiam? Duis tempor.,2,3,,6,Malesuada. Nunc consequat at laoreet molestie imperdiet. Euismod orci velit vulputate ridiculus orci.,,,,948653967,,,,,,,,,,,,,Encounter,1,1
2018-11-15 21:39:57,2018-11-15 21:39:57,2,,100,0,1,2018-11-15 21:39:57,R_1ZgGhsi6lXwVMVf,,,,,47.6605987548828125,-122.291900634765625,test,,Ultrices sollicitudin a lacus vitae velit laoreet leo dignissim suspendisse eget quam molestie.,9,3,,5,,Elit felis eros sit vivamus nibh magna! Est imperdiet curabitur.,,,839081111,,,,,,,,,,,,,Encounter,1,1
2018-11-15 21:39:57,2018-11-15 21:39:57,2,,100,0,1,2018-11-15 21:39:57,R_5sFvzEOu7D2u4Dz,,,,,47.6605987548828125,-122.291900634765625,test,,Orci gravida! Dolor vel platea leo vitae rutrum pharetra culpa iaculis.,9,5,,3,,"Facilisi ullamcorper tellus laoreet justo porttitor. Lacus, nulla justo justo eros dolor! Non fermentum. Vitae.",,,60681413,,,,,,,,,,,,,Encounter,1,1
2018-11-15 21:39:57,2018-11-15 21:39:57,2,,100,0,1,2018-11-15 21:39:57,R_1N4cH2oYmSutMSF,,,,,47.6605987548828125,-122.291900634765625,test,,"Est nec facilisis quis, non cursus vitae montes sodales pretium! Arcu.",0,3,,4,,Pede aliquet auctor! Diam cras maecenas integer tincidunt tellus magna laoreet tempor venenatis diam.,,,906519105,,,,,,,,,,,,,Encounter,1,1
2018-11-15 21:39:57,2018-11-15 21:39:57,2,,100,0,1,2018-11-15 21:39:57,R_1YT5eQ7CiFV5c33,,,,,47.6605987548828125,-122.291900634765625,test,,Euismod dui augue ridiculus gravida tempor phasellus interdum? Purus sit. Augue iaculis mi vel duis.,7,1,,4,,In luctus? Eleifend facilisi diam mauris tempus diam sagittis! Tellus fringilla nonummy ligula blandit. Ultrices.,,,945759361,,,,,,,,,,,,,Encounter,1,1
2018-11-15 21:39:57,2018-11-15 21:39:57,2,,100,0,1,2018-11-15 21:39:57,R_6LtVsRv3M6NtqyF,,,,,47.6605987548828125,-122.291900634765625,test,,Eget tincidunt? Tellus! Tempus lectus magna dolor nunc aliquam cras faucibus nulla gravida.,9,1,,1,,Mauris magna! Viverra porttitor pede scelerisque at commodo. Ultrices iaculis accusamus.,,,685366039,,,,,,,,,,,,,Encounter,1,1
2018-11-15 21:39:57,2018-11-15 21:39:57,2,,100,0,1,2018-11-15 21:39:57,R_bdfC8CYFWtmXTF3,,,,,47.6605987548828125,-122.291900634765625,test,,"Duis mattis urna mauris dui, magnis. Pellentesque suspendisse eget nulla.",7,5,,3,,Viverra et tempus diam eros cras massa tempora etiam rutrum in sed.,,,4289746,,,,,,,,,,,,,Encounter,1,1
2018-11-15 21:39:57,2018-11-15 21:39:57,2,,100,0,1,2018-11-15 21:39:57,R_24s8YfEEaUgCPU9,,,,,47.6605987548828125,-122.291900634765625,test,,"Atque justo tempora, ac elementum elementum cras lacus metus enim et dapibus non consequat.",1,4,"Nibh in, mi purus potenti tortor sit magnis imperdiet vel! Etiam at.",5,,Dolor. Facilisi aliquam molestie a magna lacus quam integer molestie etiam viverra natoque enim enim.,,,165790543,,,,,,,,,,,,,Encounter,1,1
2018-11-15 21:39:57,2018-11-15 21:39:57,2,,100,0,1,2018-11-15 21:39:58,R_6ET7zC0vh7Zxfwh,,,,,47.6605987548828125,-122.291900634765625,test,,"Molestie eleifend blandit. Curabitur massa porttitor dolorem. In vestibulum, vestibulum nunc non temporibus.",4,2,,6,Dolorem. Augue orci a commodo facilisis iaculis odio neque vivamus risus non tincidunt sollicitudin scelerisque.,,,,267790571,,,,,,,,,,,,,Encounter,1,1
2018-11-15 21:39:58,2018-11-15 21:39:58,2,,100,0,1,2018-11-15 21:39:58,R_cT3OGSICXKA3Dgh,,,,,47.6605987548828125,-122.291900634765625,test,,Dapibus auctor sit per. Facilisis eleifend! Tempus vehicula turpis. Dignissim a. Pede imperdiet consequat imperdiet.,0,2,,3,,Porttitor atque ab! Venenatis tortor tellus at fermentum odio. Pellentesque justo! Accumsan platea.,,,101205434,,,,,,,,,,,,,Encounter,1,1
